{
    "Aldergrove Regional Park": {
        "ice": [
            0.7997400760650635
        ],
        "mountain": [
            0.505339503288269,
            0.505339503288269
        ],
        "hill": [
            0.505339503288269
        ],
        "forest": [
            0.7997400760650635,
            0.7997400760650635
        ],
        "trail": [
            0.505339503288269,
            0.28095951676368713
        ],
        "snow": [
            0.7997400760650635,
            0.7997400760650635
        ],
        "warm": [
            0.7997400760650635
        ]
    },
    "Alouette Mountain": {
        "ice": [
            0.49381476640701294,
            0.6860525608062744
        ],
        "avalanche": [
            0.33194872736930847
        ],
        "snow": [
            0.3295631408691406
        ]
    },
    "Alpen Mountain": {
        "mountain": [
            0.5775372385978699,
            0.5775372385978699,
            0.5775372385978699,
            0.5775372385978699,
            0.5775372385978699,
            0.5775372385978699
        ]
    },
    "BCMC Trail": {
        "mountain": [
            0.7348023653030396,
            0.7348023653030396
        ]
    },
    "Blackcomb Peak & The Spearhead": {
        "bird": [
            0.3071741461753845
        ]
    },
    "Blanca Lake & Peak": {
        "ice": [
            0.41863662004470825
        ],
        "dangerous": [
            0.46967753767967224,
            0.3679986894130707
        ],
        "hypothermia": [
            0.5826777219772339
        ],
        "exposed": [
            0.6203967928886414
        ],
        "danger": [
            0.3679986894130707
        ],
        "risk": [
            0.3457753658294678,
            0.519094705581665,
            0.519094705581665,
            0.519094705581665,
            0.7939000725746155,
            0.44991642236709595
        ],
        "hate": [
            0.8410412669181824
        ],
        "lake": [
            0.6270080804824829,
            0.5178855657577515,
            0.5178855657577515,
            0.8385000824928284,
            0.2774459719657898,
            0.41863662004470825,
            0.41863662004470825,
            0.6270080804824829,
            0.5178855657577515,
            0.5178855657577515,
            0.8385000824928284,
            0.2774459719657898,
            0.41863662004470825,
            0.41863662004470825
        ],
        "mountain": [
            0.8385000824928284,
            0.5826777219772339,
            0.5826777219772339,
            0.3679986894130707,
            0.3679986894130707,
            0.5741031765937805,
            0.3457753658294678,
            0.5729436874389648,
            0.7212914824485779,
            0.8385000824928284,
            0.5826777219772339,
            0.5826777219772339,
            0.3679986894130707,
            0.3679986894130707,
            0.5741031765937805,
            0.3457753658294678,
            0.5729436874389648,
            0.7212914824485779
        ],
        "glacier": [
            0.3967432975769043,
            0.3967432975769043
        ],
        "cliff": [
            0.6048737168312073,
            0.3733977973461151,
            0.3457753658294678
        ],
        "trail": [
            0.5185413360595703,
            0.373261034488678,
            0.36469486355781555,
            0.3161453604698181,
            0.519094705581665
        ],
        "snow": [
            0.30122146010398865,
            0.36469486355781555
        ],
        "peak": [
            0.7411507368087769,
            0.39145320653915405
        ],
        "summit": [
            0.7411507368087769,
            0.6846420764923096,
            0.3161453604698181,
            0.3161453604698181,
            0.3161453604698181,
            0.7705074548721313,
            0.5741031765937805
        ],
        "snowy": [
            0.4172878861427307
        ],
        "wild": [
            0.3679998517036438,
            0.3679986894130707
        ]
    },
    "Bowen Lookout & Yew Lake": {
        "trail": [
            0.5125739574432373,
            0.3455013930797577
        ]
    },
    "Brandywine Falls": {
        "waterfall": [
            0.5713200569152832,
            0.4281521141529083,
            0.5713200569152832,
            0.4281521141529083
        ],
        "forest": [
            0.35178613662719727,
            0.35178613662719727
        ],
        "pond": [
            0.2498364895582199,
            0.2498364895582199
        ],
        "trail": [
            0.5713200569152832
        ],
        "mist": [
            0.5713200569152832
        ]
    },
    "Brothers Creek": {
        "disaster": [
            0.2569591999053955
        ],
        "death": [
            0.2569591999053955
        ],
        "dehydration": [
            0.40666067600250244,
            0.5930929183959961
        ],
        "emergency": [
            0.5206120610237122
        ],
        "dangerous": [
            0.46630755066871643
        ],
        "danger": [
            0.8482489585876465
        ],
        "crisis": [
            0.3682049512863159
        ],
        "house": [
            0.40666067600250244
        ],
        "station": [
            0.326488733291626,
            0.5930929183959961
        ],
        "hill": [
            0.2979554235935211
        ],
        "canyon": [
            0.2979554235935211,
            0.2569591999053955,
            0.2569591999053955,
            0.5892162919044495,
            0.5892162919044495,
            0.5892162919044495,
            0.2741628587245941,
            0.510764479637146,
            0.510764479637146,
            0.2979554235935211,
            0.2569591999053955,
            0.2569591999053955,
            0.5892162919044495,
            0.5892162919044495,
            0.5892162919044495,
            0.2741628587245941,
            0.510764479637146,
            0.510764479637146
        ],
        "river": [
            0.40666067600250244,
            0.40666067600250244
        ],
        "desert": [
            0.3796713650226593,
            0.414449006319046,
            0.414449006319046,
            0.3796713650226593,
            0.414449006319046,
            0.414449006319046
        ],
        "creek": [
            0.2979554235935211
        ],
        "trail": [
            0.326488733291626,
            0.35868826508522034,
            0.46630755066871643,
            0.2990536391735077,
            0.5930929183959961,
            0.6946644186973572,
            0.5136300921440125,
            0.2866284251213074,
            0.3503992259502411,
            0.3996180593967438,
            0.533413290977478
        ],
        "snow": [
            0.3543444275856018,
            0.4251304268836975
        ],
        "summit": [
            0.5930929183959961,
            0.5930929183959961
        ],
        "hot": [
            0.622464656829834,
            0.40666067600250244,
            0.326488733291626,
            0.5892162919044495,
            0.2990536391735077,
            0.510764479637146
        ],
        "dry": [
            0.622464656829834
        ],
        "humid": [
            0.40666067600250244
        ],
        "pride": [
            0.2979554235935211,
            0.24447907507419586,
            0.353355348110199,
            0.48199477791786194
        ],
        "school": [
            0.46630755066871643
        ],
        "pack": [
            0.5892162919044495,
            0.510764479637146,
            0.5930929183959961
        ]
    },
    "Brunswick Mountain": {
        "snow": [
            0.45383891463279724
        ]
    },
    "Capilano Canyon": {
        "pandemic": [
            0.41546615958213806
        ],
        "bridge": [
            0.5171899199485779,
            0.5685921907424927,
            0.7793704867362976
        ],